Id,First Name,Last Name,Date of Birth,Workplace Number,Salary,Department
1,Daniel,Rodriguez,11/19/1953,78,4622.00,F
2,Joseph,Baker,06/10/1979,380,3603.00,T
3,William,Lopez,05/30/2020,665,1218.00,B
4,Daniel,Davis,03/14/1993,178,1919.00,N
5,Joshua,Clark,07/04/2021,537,871.00,C
6,William,Martinez,07/10/1992,278,519.00,T
7,Ryan,Mitchell,01/02/1974,281,1195.00,I
8,David,Lopez,04/12/2013,696,3658.00,S
9,Charlotte,Collins,10/26/1965,315,3865.00,I
10,Emily,Wilson,05/27/1967,565,489.00,R
11,Isabella,Lee,09/02/2010,87,4517.00,E
12,Harper,Allen,01/01/2014,312,2610.00,Q
13,Ella,White,07/25/2003,152,1196.00,T
14,Ryan,Walker,10/26/1959,730,3812.00,P
15,Victoria,Roberts,06/20/2000,426,4580.00,O
